{"type":"internal","split":{"type":"continuous","featureIndex":4,"threshold":22.5}}
{"type":"internal","split":{"type":"continuous","featureIndex":1,"threshold":1396.5}}
{"type":"internal","split":{"type":"continuous","featureIndex":1,"threshold":974.0}}
{"type":"leaf","values":[28.666666666666668]}
{"type":"leaf","values":[26.166666666666668]}
{"type":"leaf","values":[46.333333333333336]}
{"type":"internal","split":{"type":"continuous","featureIndex":1,"threshold":1344.5}}
{"type":"internal","split":{"type":"continuous","featureIndex":1,"threshold":971.5}}
{"type":"leaf","values":[52.72222222222222]}
{"type":"leaf","values":[67.6875]}
{"type":"leaf","values":[46.55555555555556]}
